Task,Category,Train_Samples,Test_Samples,Train_True_Pct,Test_True_Pct,AUROC_Final_Token,Top_Final_Token_True,Top_Final_Token_False,AUROC_TFIDF_BoW,Vocab_TFIDF,Top_TFIDF_True,Top_TFIDF_False,Delta_TFIDF_minus_Token
F0,Factual,999,464,53.7,54.5,0.6271472191521645,"otherwise (+1.81), 5 (+1.59), capital (+1.38)","asia (-1.58), drc (-1.49), nigeria (-1.37)",0.788340857576382,5206,"within (+1.93), 3 (+1.78), 2 (+1.70)","in (-2.77), africa (-1.48), asia (-1.44)",0.1611936384242174
F1,Factual,1100,491,49.9,49.1,0.6006556016597511,"geographically (+1.48), countries (+1.40), all (+1.40)","true (-1.28), capital (-1.27), state (-1.17)",0.8316016597510374,4518,"in (+2.98), asia (+2.04), hmm (+1.70)","i'm (-2.29), within (-2.07), trying (-1.86)",0.23094605809128632
F2,Factual,1033,464,46.8,49.1,0.5634199375557539,"country (+1.29), location (+1.29), conjunction (+0.98)","asia (-1.28), all (-1.28), province (-1.09)",0.8125,3324,"evaluate (+1.53), just (+1.28), any (+1.19)","not (-2.09), start (-1.06), sound (-1.02)",0.24908006244424608
F3,Factual,1008,478,49.2,49.4,0.5586304104216279,"listed (+1.20), jamaica (+1.07), provided (+1.07)","1 (-1.30), do (-1.18), hungary (-1.05)",0.6043038240649952,3600,"two (+1.10), bangladesh (+0.90), indeed (+0.87)","neither (-1.13), but (-0.95), quezon (-0.89)",0.0456734136433673
F4,Factual,1135,568,51.5,50.2,0.5320190936705722,"outside (+1.51), it (+1.25), isn't (+1.25)","is (-2.02), one (-2.02), chile (-1.22)",0.6272642737586014,3852,"zimbabwe (+0.90), makes (+0.87), kakamega (+0.85)","not (-1.94), original (-1.27), in (-1.14)",0.09524518008802918
F5,Factual,1216,562,50.6,49.6,0.5577086262142685,"matching (+1.45), exactly (+1.16), is (+1.02)","zealand (-1.07), denmark (-0.91), here (-0.91)",0.6038856592829008,3864,"nampula (+0.98), golfe (+0.84), pallabi (+0.83)","but (-1.98), wait (-1.16), not (-1.09)",0.0461770330686323
A1,Arithmetic,675,297,48.3,49.5,0.46678004535147394,"out (+1.84), addition (+1.31), answer (+1.07)","53 (-1.02), 87 (-1.02), problem (-1.02)",0.6882086167800454,2105,"any (+1.89), does (+1.30), checks (+1.12)","says (-2.17), wait (-1.23), statement (-1.04)",0.22142857142857147
A2,Arithmetic,673,286,48.0,47.6,0.5455147058823528,"side (+1.54), correct (+1.45), equation (+1.35)","4 (-1.33), balanced (-0.84), 11 (-0.84)",0.7412254901960784,1663,"all (+1.55), putting (+1.53), also (+1.47)","says (-2.55), but (-2.41), minute (-1.80)",0.19571078431372557
A3,Arithmetic,692,300,49.4,50.0,0.49113333333333337,"other (+1.64), out (+1.42), 39 (+1.21)","47 (-1.02), 290 (-0.87), instead (-0.87)",0.6609333333333334,1540,"all (+1.00), does (+1.00), putting (+0.91)","says (-3.00), but (-2.27), the (-2.09)",0.1698
